[
  {
    "Command": [],
    "Constant": [],
    "Constructor": [],
    "Deprecated": [],
    "Field": [],
    "Function": [],
    "Method": [
      {
        "def": "LastKeyRepeat:start()",
        "desc": "Start waching eventtap and application",
        "doc": "Start waching eventtap and application\n\nParameters:\n * None\n\nReturns:\n * LastKeyRepeat",
        "name": "start",
        "notes": [],
        "parameters": [
          " * None",
          ""
        ],
        "returns": [
          " * LastKeyRepeat"
        ],
        "signature": "LastKeyRepeat:start()",
        "stripped_doc": [
          "Start waching eventtap and application",
          ""
        ],
        "type": "Method"
      },
      {
        "def": "LastKeyRepeat:stop()",
        "desc": "stop waching eventtap and application",
        "doc": "stop waching eventtap and application\n\nParameters:\n * None\n\nReturns:\n * LastKeyRepeat",
        "name": "stop",
        "notes": [],
        "parameters": [
          " * None",
          ""
        ],
        "returns": [
          " * LastKeyRepeat"
        ],
        "signature": "LastKeyRepeat:stop()",
        "stripped_doc": [
          "stop waching eventtap and application",
          ""
        ],
        "type": "Method"
      },
      {
        "def": "LastKeyRepeat:init()",
        "desc": "initializer",
        "doc": "initializer\n\nParameters:\n * None\n\nReturns:\n * LastKeyRepeat",
        "name": "init",
        "notes": [],
        "parameters": [
          " * None",
          ""
        ],
        "returns": [
          " * LastKeyRepeat"
        ],
        "signature": "LastKeyRepeat:init()",
        "stripped_doc": [
          "initializer",
          ""
        ],
        "type": "Method"
      }
    ],
    "Variable": [
      {
        "def": "LastKeyRepeat.mapping",
        "desc": "e.g.",
        "doc": "e.g.\nspoon.LastKeyRepeat.mapping = {\n  { first = { key = 'g', mods = {'ctrl'} }, second = { key = 'h' } },\n  { first = { key = 'g', mods = {'ctrl'} }, second = { key = 'l' } },\n}",
        "name": "mapping",
        "notes": [],
        "parameters": [],
        "returns": [],
        "signature": "LastKeyRepeat.mapping",
        "stripped_doc": [
          "e.g.",
          "spoon.LastKeyRepeat.mapping = {",
          "  { first = { key = 'g', mods = {'ctrl'} }, second = { key = 'h' } },",
          "  { first = { key = 'g', mods = {'ctrl'} }, second = { key = 'l' } },",
          "}"
        ],
        "type": "Variable"
      },
      {
        "def": "LastKeyRepeat.mapping",
        "desc": "when to timeout 2nd stroke",
        "doc": "when to timeout 2nd stroke",
        "name": "mapping",
        "notes": [],
        "parameters": [],
        "returns": [],
        "signature": "LastKeyRepeat.mapping",
        "stripped_doc": [
          "when to timeout 2nd stroke"
        ],
        "type": "Variable"
      },
      {
        "def": "LastKeyRepeat.appsDisable",
        "desc": "Table of apps which you want to temporary disable LastKeyRepeat functions.",
        "doc": "Table of apps which you want to temporary disable LastKeyRepeat functions.\ne.g. \nspoon.LastKeyRepeat.appsDisable = { \"iTerm2\" }",
        "name": "appsDisable",
        "notes": [],
        "parameters": [],
        "returns": [],
        "signature": "LastKeyRepeat.appsDisable",
        "stripped_doc": [
          "Table of apps which you want to temporary disable LastKeyRepeat functions.",
          "e.g. ",
          "spoon.LastKeyRepeat.appsDisable = { \"iTerm2\" }"
        ],
        "type": "Variable"
      },
      {
        "def": "LastKeyRepeat._appsDisable",
        "desc": "Internal Table for looking up disabled apps.",
        "doc": "Internal Table for looking up disabled apps.",
        "name": "_appsDisable",
        "notes": [],
        "parameters": [],
        "returns": [],
        "signature": "LastKeyRepeat._appsDisable",
        "stripped_doc": [
          "Internal Table for looking up disabled apps."
        ],
        "type": "Variable"
      }
    ],
    "desc": "tmux bind-key -r option-like function",
    "doc": "tmux bind-key -r option-like function\n\nDownload: [https://github.com/doiken/Spoons/raw/master/Spoons/LastKeyRepeat.spoon.zip](https://github.com/doiken/Spoons/raw/master/Spoons/LastKeyRepeat.spoon.zip)\nthanks to this issue\nhttps://github.com/Hammerspoon/hammerspoon/issues/1128",
    "items": [
      {
        "def": "LastKeyRepeat._appsDisable",
        "desc": "Internal Table for looking up disabled apps.",
        "doc": "Internal Table for looking up disabled apps.",
        "name": "_appsDisable",
        "notes": [],
        "parameters": [],
        "returns": [],
        "signature": "LastKeyRepeat._appsDisable",
        "stripped_doc": [
          "Internal Table for looking up disabled apps."
        ],
        "type": "Variable"
      },
      {
        "def": "LastKeyRepeat.appsDisable",
        "desc": "Table of apps which you want to temporary disable LastKeyRepeat functions.",
        "doc": "Table of apps which you want to temporary disable LastKeyRepeat functions.\ne.g. \nspoon.LastKeyRepeat.appsDisable = { \"iTerm2\" }",
        "name": "appsDisable",
        "notes": [],
        "parameters": [],
        "returns": [],
        "signature": "LastKeyRepeat.appsDisable",
        "stripped_doc": [
          "Table of apps which you want to temporary disable LastKeyRepeat functions.",
          "e.g. ",
          "spoon.LastKeyRepeat.appsDisable = { \"iTerm2\" }"
        ],
        "type": "Variable"
      },
      {
        "def": "LastKeyRepeat.mapping",
        "desc": "e.g.",
        "doc": "e.g.\nspoon.LastKeyRepeat.mapping = {\n  { first = { key = 'g', mods = {'ctrl'} }, second = { key = 'h' } },\n  { first = { key = 'g', mods = {'ctrl'} }, second = { key = 'l' } },\n}",
        "name": "mapping",
        "notes": [],
        "parameters": [],
        "returns": [],
        "signature": "LastKeyRepeat.mapping",
        "stripped_doc": [
          "e.g.",
          "spoon.LastKeyRepeat.mapping = {",
          "  { first = { key = 'g', mods = {'ctrl'} }, second = { key = 'h' } },",
          "  { first = { key = 'g', mods = {'ctrl'} }, second = { key = 'l' } },",
          "}"
        ],
        "type": "Variable"
      },
      {
        "def": "LastKeyRepeat.mapping",
        "desc": "when to timeout 2nd stroke",
        "doc": "when to timeout 2nd stroke",
        "name": "mapping",
        "notes": [],
        "parameters": [],
        "returns": [],
        "signature": "LastKeyRepeat.mapping",
        "stripped_doc": [
          "when to timeout 2nd stroke"
        ],
        "type": "Variable"
      },
      {
        "def": "LastKeyRepeat:init()",
        "desc": "initializer",
        "doc": "initializer\n\nParameters:\n * None\n\nReturns:\n * LastKeyRepeat",
        "name": "init",
        "notes": [],
        "parameters": [
          " * None",
          ""
        ],
        "returns": [
          " * LastKeyRepeat"
        ],
        "signature": "LastKeyRepeat:init()",
        "stripped_doc": [
          "initializer",
          ""
        ],
        "type": "Method"
      },
      {
        "def": "LastKeyRepeat:start()",
        "desc": "Start waching eventtap and application",
        "doc": "Start waching eventtap and application\n\nParameters:\n * None\n\nReturns:\n * LastKeyRepeat",
        "name": "start",
        "notes": [],
        "parameters": [
          " * None",
          ""
        ],
        "returns": [
          " * LastKeyRepeat"
        ],
        "signature": "LastKeyRepeat:start()",
        "stripped_doc": [
          "Start waching eventtap and application",
          ""
        ],
        "type": "Method"
      },
      {
        "def": "LastKeyRepeat:stop()",
        "desc": "stop waching eventtap and application",
        "doc": "stop waching eventtap and application\n\nParameters:\n * None\n\nReturns:\n * LastKeyRepeat",
        "name": "stop",
        "notes": [],
        "parameters": [
          " * None",
          ""
        ],
        "returns": [
          " * LastKeyRepeat"
        ],
        "signature": "LastKeyRepeat:stop()",
        "stripped_doc": [
          "stop waching eventtap and application",
          ""
        ],
        "type": "Method"
      }
    ],
    "name": "LastKeyRepeat",
    "stripped_doc": [],
    "submodules": [],
    "type": "Module"
  }
]
