[
  {
    "Constant" : [

    ],
    "submodules" : [

    ],
    "Function" : [

    ],
    "Variable" : [

    ],
    "stripped_doc" : [

    ],
    "Deprecated" : [

    ],
    "type" : "Module",
    "desc" : "tmux bind-key -r option-like function",
    "Constructor" : [

    ],
    "doc" : "tmux bind-key -r option-like function\n\nDownload: [https:\/\/github.com\/doiken\/Spoons\/raw\/master\/Spoons\/LastKeyRepeat.spoon.zip](https:\/\/github.com\/doiken\/Spoons\/raw\/master\/Spoons\/LastKeyRepeat.spoon.zip)",
    "items" : [

    ],
    "Command" : [

    ],
    "Field" : [

    ],
    "Method" : [

    ],
    "name" : "LastKeyRepeat"
  }
]