[
  {
    "Constant" : [

    ],
    "submodules" : [

    ],
    "Function" : [

    ],
    "Variable" : [
      {
        "doc" : "Table of app name and enabled hot keys.\nDefault is all enabled.\nShould be set before SwitchableHotkey:init() called.\ne.g. \nspoon.SwitchableHotkey.acceptOnly = {\n  [\"Emacs\"] = {}, -- accept NONE\n  [\"iTerm2\"] = {  -- accept partially\n    {{'ctrl'}, ']'},\n  }\n  -- Hotkeys of apps not listed above are fully enabled\n}",
        "desc" : "Table of app name and enabled hot keys.",
        "def" : "SwitchableHotkey.acceptOnly",
        "stripped_doc" : [
          "Table of app name and enabled hot keys.",
          "Default is all enabled.",
          "Should be set before SwitchableHotkey:init() called.",
          "e.g. ",
          "spoon.SwitchableHotkey.acceptOnly = {",
          "  [\"Emacs\"] = {}, -- accept NONE",
          "  [\"iTerm2\"] = {  -- accept partially",
          "    {{'ctrl'}, ']'},",
          "  }",
          "  -- Hotkeys of apps not listed above are fully enabled",
          "}"
        ],
        "notes" : [

        ],
        "signature" : "SwitchableHotkey.acceptOnly",
        "type" : "Variable",
        "returns" : [

        ],
        "name" : "acceptOnly",
        "parameters" : [

        ]
      },
      {
        "doc" : "Internal Table for looking up accepted hotkeys.",
        "desc" : "Internal Table for looking up accepted hotkeys.",
        "def" : "SwitchableHotkey._acceptOnly",
        "stripped_doc" : [
          "Internal Table for looking up accepted hotkeys."
        ],
        "notes" : [

        ],
        "signature" : "SwitchableHotkey._acceptOnly",
        "type" : "Variable",
        "returns" : [

        ],
        "name" : "_acceptOnly",
        "parameters" : [

        ]
      }
    ],
    "stripped_doc" : [

    ],
    "desc" : "",
    "Deprecated" : [

    ],
    "type" : "Module",
    "Constructor" : [

    ],
    "doc" : "Download: [https:\/\/github.com\/doiken\/Spoons\/raw\/master\/Spoons\/SwitchableHotkey.spoon.zip](https:\/\/github.com\/doiken\/Spoons\/raw\/master\/Spoons\/SwitchableHotkey.spoon.zip)",
    "Method" : [
      {
        "doc" : "Binds hotkey\n\nParameters:\n * keyspec\n\nReturns:\n * SwitchableHotkey",
        "desc" : "Binds hotkey",
        "def" : "SwitchableHotkey:bindSpec()",
        "stripped_doc" : [
          "Binds hotkey",
          ""
        ],
        "notes" : [

        ],
        "signature" : "SwitchableHotkey:bindSpec()",
        "type" : "Method",
        "returns" : [
          " * SwitchableHotkey"
        ],
        "name" : "bindSpec",
        "parameters" : [
          " * keyspec",
          ""
        ]
      },
      {
        "doc" : "Start Listener\n\nParameters:\n * None\n\nReturns:\n * SwitchableHotkey",
        "desc" : "Start Listener",
        "def" : "SwitchableHotkey:start()",
        "stripped_doc" : [
          "Start Listener",
          ""
        ],
        "notes" : [

        ],
        "signature" : "SwitchableHotkey:start()",
        "type" : "Method",
        "returns" : [
          " * SwitchableHotkey"
        ],
        "name" : "start",
        "parameters" : [
          " * None",
          ""
        ]
      },
      {
        "doc" : "Stop Listener\n\nParameters:\n * None\n\nReturns:\n * SwitchableHotkey",
        "desc" : "Stop Listener",
        "def" : "SwitchableHotkey:stop()",
        "stripped_doc" : [
          "Stop Listener",
          ""
        ],
        "notes" : [

        ],
        "signature" : "SwitchableHotkey:stop()",
        "type" : "Method",
        "returns" : [
          " * SwitchableHotkey"
        ],
        "name" : "stop",
        "parameters" : [
          " * None",
          ""
        ]
      },
      {
        "doc" : "initializer\n\nParameters:\n * None\n\nReturns:\n * SwitchableHotkey",
        "desc" : "initializer",
        "def" : "SwitchableHotkey:init()",
        "stripped_doc" : [
          "initializer",
          ""
        ],
        "notes" : [

        ],
        "signature" : "SwitchableHotkey:init()",
        "type" : "Method",
        "returns" : [
          " * SwitchableHotkey"
        ],
        "name" : "init",
        "parameters" : [
          " * None",
          ""
        ]
      }
    ],
    "Command" : [

    ],
    "Field" : [

    ],
    "items" : [
      {
        "doc" : "Internal Table for looking up accepted hotkeys.",
        "desc" : "Internal Table for looking up accepted hotkeys.",
        "def" : "SwitchableHotkey._acceptOnly",
        "stripped_doc" : [
          "Internal Table for looking up accepted hotkeys."
        ],
        "notes" : [

        ],
        "signature" : "SwitchableHotkey._acceptOnly",
        "type" : "Variable",
        "returns" : [

        ],
        "name" : "_acceptOnly",
        "parameters" : [

        ]
      },
      {
        "doc" : "Table of app name and enabled hot keys.\nDefault is all enabled.\nShould be set before SwitchableHotkey:init() called.\ne.g. \nspoon.SwitchableHotkey.acceptOnly = {\n  [\"Emacs\"] = {}, -- accept NONE\n  [\"iTerm2\"] = {  -- accept partially\n    {{'ctrl'}, ']'},\n  }\n  -- Hotkeys of apps not listed above are fully enabled\n}",
        "desc" : "Table of app name and enabled hot keys.",
        "def" : "SwitchableHotkey.acceptOnly",
        "stripped_doc" : [
          "Table of app name and enabled hot keys.",
          "Default is all enabled.",
          "Should be set before SwitchableHotkey:init() called.",
          "e.g. ",
          "spoon.SwitchableHotkey.acceptOnly = {",
          "  [\"Emacs\"] = {}, -- accept NONE",
          "  [\"iTerm2\"] = {  -- accept partially",
          "    {{'ctrl'}, ']'},",
          "  }",
          "  -- Hotkeys of apps not listed above are fully enabled",
          "}"
        ],
        "notes" : [

        ],
        "signature" : "SwitchableHotkey.acceptOnly",
        "type" : "Variable",
        "returns" : [

        ],
        "name" : "acceptOnly",
        "parameters" : [

        ]
      },
      {
        "doc" : "Binds hotkey\n\nParameters:\n * keyspec\n\nReturns:\n * SwitchableHotkey",
        "desc" : "Binds hotkey",
        "def" : "SwitchableHotkey:bindSpec()",
        "stripped_doc" : [
          "Binds hotkey",
          ""
        ],
        "notes" : [

        ],
        "signature" : "SwitchableHotkey:bindSpec()",
        "type" : "Method",
        "returns" : [
          " * SwitchableHotkey"
        ],
        "name" : "bindSpec",
        "parameters" : [
          " * keyspec",
          ""
        ]
      },
      {
        "doc" : "initializer\n\nParameters:\n * None\n\nReturns:\n * SwitchableHotkey",
        "desc" : "initializer",
        "def" : "SwitchableHotkey:init()",
        "stripped_doc" : [
          "initializer",
          ""
        ],
        "notes" : [

        ],
        "signature" : "SwitchableHotkey:init()",
        "type" : "Method",
        "returns" : [
          " * SwitchableHotkey"
        ],
        "name" : "init",
        "parameters" : [
          " * None",
          ""
        ]
      },
      {
        "doc" : "Start Listener\n\nParameters:\n * None\n\nReturns:\n * SwitchableHotkey",
        "desc" : "Start Listener",
        "def" : "SwitchableHotkey:start()",
        "stripped_doc" : [
          "Start Listener",
          ""
        ],
        "notes" : [

        ],
        "signature" : "SwitchableHotkey:start()",
        "type" : "Method",
        "returns" : [
          " * SwitchableHotkey"
        ],
        "name" : "start",
        "parameters" : [
          " * None",
          ""
        ]
      },
      {
        "doc" : "Stop Listener\n\nParameters:\n * None\n\nReturns:\n * SwitchableHotkey",
        "desc" : "Stop Listener",
        "def" : "SwitchableHotkey:stop()",
        "stripped_doc" : [
          "Stop Listener",
          ""
        ],
        "notes" : [

        ],
        "signature" : "SwitchableHotkey:stop()",
        "type" : "Method",
        "returns" : [
          " * SwitchableHotkey"
        ],
        "name" : "stop",
        "parameters" : [
          " * None",
          ""
        ]
      }
    ],
    "name" : "SwitchableHotkey"
  }
]
