[
  {
    "Command": [],
    "Constant": [],
    "Constructor": [],
    "Deprecated": [],
    "Field": [],
    "Function": [],
    "Method": [
      {
        "def": "PseudoNumKey:start()",
        "desc": "Start Event Listener",
        "doc": "Start Event Listener\n\nParameters:\n * None\n\nReturns:\n * None",
        "name": "start",
        "notes": [],
        "parameters": [
          " * None",
          ""
        ],
        "returns": [
          " * None"
        ],
        "signature": "PseudoNumKey:start()",
        "stripped_doc": [
          "Start Event Listener",
          ""
        ],
        "type": "Method"
      },
      {
        "def": "PseudoNumKey:stop()",
        "desc": "Stop Event Listener",
        "doc": "Stop Event Listener\n\nParameters:\n * None\n\nReturns:\n * None",
        "name": "stop",
        "notes": [],
        "parameters": [
          " * None",
          ""
        ],
        "returns": [
          " * None"
        ],
        "signature": "PseudoNumKey:stop()",
        "stripped_doc": [
          "Stop Event Listener",
          ""
        ],
        "type": "Method"
      }
    ],
    "Variable": [
      {
        "def": "PseudoNumKey.hotkeys",
        "desc": "Default key map",
        "doc": "Default key map",
        "name": "hotkeys",
        "notes": [],
        "parameters": [],
        "returns": [],
        "signature": "PseudoNumKey.hotkeys",
        "stripped_doc": [
          "Default key map"
        ],
        "type": "Variable"
      }
    ],
    "desc": "Pseudo numeric keypad with FN key for Mac",
    "doc": "Pseudo numeric keypad with FN key for Mac\n\nDownload: [https://github.com/doiken/Spoons/raw/master/Spoons/PseudoNumKey.spoon.zip](https://github.com/doiken/Spoons/raw/master/Spoons/PseudoNumKey.spoon.zip)",
    "items": [
      {
        "def": "PseudoNumKey.hotkeys",
        "desc": "Default key map",
        "doc": "Default key map",
        "name": "hotkeys",
        "notes": [],
        "parameters": [],
        "returns": [],
        "signature": "PseudoNumKey.hotkeys",
        "stripped_doc": [
          "Default key map"
        ],
        "type": "Variable"
      },
      {
        "def": "PseudoNumKey:start()",
        "desc": "Start Event Listener",
        "doc": "Start Event Listener\n\nParameters:\n * None\n\nReturns:\n * None",
        "name": "start",
        "notes": [],
        "parameters": [
          " * None",
          ""
        ],
        "returns": [
          " * None"
        ],
        "signature": "PseudoNumKey:start()",
        "stripped_doc": [
          "Start Event Listener",
          ""
        ],
        "type": "Method"
      },
      {
        "def": "PseudoNumKey:stop()",
        "desc": "Stop Event Listener",
        "doc": "Stop Event Listener\n\nParameters:\n * None\n\nReturns:\n * None",
        "name": "stop",
        "notes": [],
        "parameters": [
          " * None",
          ""
        ],
        "returns": [
          " * None"
        ],
        "signature": "PseudoNumKey:stop()",
        "stripped_doc": [
          "Stop Event Listener",
          ""
        ],
        "type": "Method"
      }
    ],
    "name": "PseudoNumKey",
    "stripped_doc": [],
    "submodules": [],
    "type": "Module"
  }
]
