[
  {
    "Constant" : [

    ],
    "submodules" : [

    ],
    "Function" : [

    ],
    "Variable" : [

    ],
    "stripped_doc" : [

    ],
    "Deprecated" : [

    ],
    "type" : "Module",
    "desc" : "Pseudo numeric keypad with FN key for Mac",
    "Constructor" : [

    ],
    "doc" : "Pseudo numeric keypad with FN key for Mac\n\nDownload: [https:\/\/github.com\/doiken\/Spoons\/raw\/master\/Spoons\/PseudoNumKey.spoon.zip](https:\/\/github.com\/doiken\/Spoons\/raw\/master\/Spoons\/PseudoNumKey.spoon.zip)",
    "items" : [
      {
        "doc" : "Start Event Listener\n\nParameters:\n * None\n\nReturns:\n * None",
        "parameters" : [
          " * None",
          ""
        ],
        "def" : "PseudoNumKey:start()",
        "stripped_doc" : [
          "Start Event Listener",
          ""
        ],
        "notes" : [

        ],
        "signature" : "PseudoNumKey:start()",
        "type" : "Method",
        "returns" : [
          " * None"
        ],
        "desc" : "Start Event Listener",
        "name" : "start"
      },
      {
        "doc" : "Stop Event Listener\n\nParameters:\n * None\n\nReturns:\n * None",
        "parameters" : [
          " * None",
          ""
        ],
        "def" : "PseudoNumKey:stop()",
        "stripped_doc" : [
          "Stop Event Listener",
          ""
        ],
        "notes" : [

        ],
        "signature" : "PseudoNumKey:stop()",
        "type" : "Method",
        "returns" : [
          " * None"
        ],
        "desc" : "Stop Event Listener",
        "name" : "stop"
      }
    ],
    "Command" : [

    ],
    "Method" : [
      {
        "doc" : "Start Event Listener\n\nParameters:\n * None\n\nReturns:\n * None",
        "parameters" : [
          " * None",
          ""
        ],
        "def" : "PseudoNumKey:start()",
        "stripped_doc" : [
          "Start Event Listener",
          ""
        ],
        "notes" : [

        ],
        "signature" : "PseudoNumKey:start()",
        "type" : "Method",
        "returns" : [
          " * None"
        ],
        "desc" : "Start Event Listener",
        "name" : "start"
      },
      {
        "doc" : "Stop Event Listener\n\nParameters:\n * None\n\nReturns:\n * None",
        "parameters" : [
          " * None",
          ""
        ],
        "def" : "PseudoNumKey:stop()",
        "stripped_doc" : [
          "Stop Event Listener",
          ""
        ],
        "notes" : [

        ],
        "signature" : "PseudoNumKey:stop()",
        "type" : "Method",
        "returns" : [
          " * None"
        ],
        "desc" : "Stop Event Listener",
        "name" : "stop"
      }
    ],
    "Field" : [

    ],
    "name" : "PseudoNumKey"
  }
]